id,strength,assertion,scope,exceptions,method,automation,origin,source,change
P01,MAY,Suggerire profondità mediante estratti pertinenti quando aiuta il racconto; non renderla un requisito universale.,Racconto e anteprime,Nessun obbligo di suscitare curiosità; dati decisivi sempre espliciti,Verificare accesso al dettaglio e comprensione senza hover,H,Magias heuristic/option,PRINCIPLES.md,"La profondità suggerita è opzione espressiva, non default universale"
P02,MAY,"Esprimere identità con scelte coerenti, anche linguistiche o funzionali; nessun gesto grafico obbligatorio.",Identità visiva,UI operative e sistemi esistenti possono privilegiare continuità,Confronto con identità e riconoscimento delle azioni,H,Magias heuristic/option,PRINCIPLES.md,Nessun gesto distintivo obbligatorio
P03,SHOULD,"Ridurre richiami che non aggiungono comprensione, orientamento, prova o azione, preservando aiuto e contenuti necessari.",Riduzione dei richiami,"Aiuto, dati, orientamento e confronto non sacrificabili",Confrontare compito prima/dopo e inventario rimozioni,H,Magias heuristic/option,PRINCIPLES.md,Separare sottrazione utile da minimalismo
P04,SHOULD,"Usare intervalli e raggruppamenti con funzione, adattandoli al compito e alla densità.",Spaziatura e raggruppamento,"Alta densità, viewport basso, lingue e zoom","Osservare associazioni fra label, dati e azioni",H,Magias heuristic/option,PRINCIPLES.md,"Giudicare relazioni, non quantità di vuoto"
P05,MAY,"Usare discontinuità narrative quando utili, senza interrompere il compito.",Transizioni narrative,Non interrompere lettura o compito; continuità ammessa,Review della sequenza e dei passaggi,H,Magias heuristic/option,PRINCIPLES.md,Non prescrivere un taglio a ogni sezione
P06,MAY,Lasciare margine interpretativo a immagini e racconto; informazioni funzionali e condizioni decisive restano esplicite.,Immagini e racconto,"Mai ambiguità su azioni, costi, navigazione o stati",Review editoriale e test di comprensione funzionale,H,Magias heuristic/option,PRINCIPLES.md,Non attribuire un punteggio yūgen
P07,MUST,"Esplicitare compiti, persone e risultato utente atteso nello scope; dichiarare le ipotesi e ammettere compiti multipli o esplorativi.",Tutti i flussi coinvolti,Persona e compito possono essere ipotesi dichiarate o multipli,Contesto esplicito con risultato utente atteso,S,Magias policy,PRINCIPLES.md,Ammettere ricerca esplorativa e più compiti
P08,MAY,"Usare tensione localizzata se pertinente; simmetria, continuità e più variabili sono alternative legittime.",Composizione espressiva,Nessuna tensione necessaria; interfacce complesse con più variabili,"Osservazione gerarchia, continuità e costo di lettura",H,Magias heuristic/option,PRINCIPLES.md,Eliminare quota di una variabile come vincolo generale
P09,MUST,Rendere disponibili informazioni decisive al momento utile per il compito; nessuna tassonomia universale in tre livelli.,Informazioni decisive,Livelli variabili per compito; nessuna tassonomia obbligatoria in tre strati,Mappa informazione→decisione; verificare disponibilità al momento utile,S,Magias policy,PRINCIPLES.md,"Obbligare accesso tempestivo, non struttura a tre livelli"
P10,MUST,"Motivare rimozioni informative/funzionali con impatto, indicando perdita accettata o ricollocazione; raggruppare decisioni equivalenti.",Rimozioni informative e funzionali,Decorazione e duplicazioni innocue possono avere decisione di gruppo,Diff contenuti/funzioni e motivazione della perdita o ricollocazione,S,Magias policy,PRINCIPLES.md,Limitare obbligo puntuale alle rimozioni con impatto
L01,SHOULD,"Collegare sezioni a compito, orientamento o funzione narrativa/espressiva; la domanda utente è un’euristica.",Sezioni informative,"Arte, gioco, esplorazione e atmosfera con funzione dichiarata","Collegare sezione a compito, orientamento o espressione",H,Magias heuristic/option,LAYOUT.md,"Domanda utente è euristica, non unica funzione legittima"
L02,SHOULD,"Scegliere componenti per unità informative e interazioni; card, liste e griglie sono alternative, senza blacklist.",Scelta componenti,"Card anche per raggruppamento, stato e contenuto asincrono",Confrontare alternative e riconoscibilità delle unità,H,Magias heuristic/option,LAYOUT.md,Nessun divieto di card né obbligo di lista
L03,MUST,Preservare ordine significativo di lettura e focus quando varia la composizione; il riordino visivo non è vietato in sé.,Ordine significativo e focus,Riordino visivo ammesso quando il significato e il focus restano corretti,"DOM, lettura e navigazione tastiera nelle varianti",S,Magias policy,LAYOUT.md,Coerenza significativa non identità di tutti gli ordini
L04,MAY,"Scegliere composizione e dominanti secondo il compito, senza quota di variazioni né divieto di simmetria.",Composizione,"Simmetria, più gerarchie e confronto multiplo ammessi",Review del compito e scansione della pagina,H,Magias heuristic/option,LAYOUT.md,Un dominante compositivo è strumento opzionale
L05,SHOULD,Valutare competizione visiva per gruppo decisionale e fase del compito; non imporre conteggi di attrazioni o una sola CTA per viewport.,Gruppi decisionali commerciali,"Dashboard, mappe, confronto, monitoraggio e compiti multipli",Annotazioni screenshot e task test; quote solo indizio,H,Magias heuristic/option,LAYOUT.md,Togliere conteggio 1+1+2 dal gate; viewport non unità stabile
L06,SHOULD,"Usare token semantici coerenti; scegliere valori dopo contenuti, vincoli, identità e densità reali.",Token di spazio,"Valori e unità dipendono da densità, brand, contenuti e accessibilità","Inventario token e resa con testi reali, zoom e viewport basso",S,Magias heuristic/option,LAYOUT.md,Separare token semantici dai valori dimostrativi
L07,MUST,"Evitare testo tagliato, controlli irraggiungibili e perdite funzionali nei contenitori; altezze fisse e scroll locale sono ammessi se accessibili.",Contenitori con testo/controlli,Altezza fissa ammessa se adattamento o scroll accessibile evitano perdite,"Overflow, zoom, testi lunghi e raggiungibilità controlli",S,Magias policy,LAYOUT.md,"Vietare perdita funzionale, non tecnica CSS"
L08,MUST,"Preservare possibilità essenziali nel responsive e specificare ordine, immagini, navigazione e azioni; testare campioni motivati e casi estremi.",Responsive nel cambiamento,Schema breve per piccoli refactor; dispositivi scelti dal contesto,"Ordine, crop, navigazione, parità funzionale; resize continuo e casi estremi",S,Magias policy,LAYOUT.md,Quattro larghezze sono campioni; aggiungere orientamento e input
L09,MUST,Definire e provare stati e transizioni applicabili di ogni componente coinvolto; escludere con motivo quelli non pertinenti.,Stati interattivi applicabili,Stati non pertinenti esplicitamente esclusi; nessun success artificiale,"Inventario stati e prove di transizione, errore e recupero",S,Magias policy,LAYOUT.md,"Descrivere contratti per componente, non lista identica universale"
L10,SHOULD,"Usare token di colore e profondità coerenti; più accenti, temi e serie dati sono legittimi con semantica e contrasto adeguati.",Token colore e profondità,"Brand pluricromatico, serie dati, temi e sistemi preesistenti","Contrasto stati, semantica e coerenza; più accenti se motivati",S,Magias heuristic/option,LAYOUT.md,Non imporre unico accento; aggiungere temi se previsti
T01,MUST,Preservare struttura semantica e relazioni del testo indipendentemente dalla scala visiva; documentare i ruoli usati.,Struttura semantica del testo,Ruoli visivi variabili; non serve documentare ruoli non usati,"Titoli, relazioni e leggibilità indipendenti dalla scala",S,Magias policy,TYPOGRAPHY.md,"Obbligo sulla semantica, catalogazione proporzionata"
T02,SHOULD,"Scegliere famiglie, pesi e fallback leggibili per lingue e contenuti reali; verificare copertura, caricamento e diritti di utilizzo.",Font e caricamento,"Più famiglie, alfabeti e fallback multilingue quando utili","Licenza, copertura glifi, fallback, caricamento e leggibilità",S,Magias heuristic/option,TYPOGRAPHY.md,Italiano è vincolo del pilota; licenza valida requisito separato
T03,SHOULD,"Rendere riconoscibili i ruoli mediante scala, peso, posizione e spazio; scale compatte sono ammesse.",Gerarchia tipografica,UI dense e confronti numerici possono usare scale ravvicinate,"Distinzione dei ruoli con scala, peso, posizione e spazio",H,Magias heuristic/option,TYPOGRAPHY.md,Differenza riconoscibile non obbligo di headline grandi
T04,MUST,"Rispettare zoom, preferenze e contenuti estremi senza perdita di testo o funzioni; fluidità e specifiche unità CSS sono scelte tecniche.",Ridimensionamento e contenuti estremi,Misure fisse accessibili ammesse; fluidità non obbligatoria,"Zoom, preferenze, lingue, URL e parole lunghe",S,Magias policy,TYPOGRAPHY.md,Richiedere risultato accessibile anziché tecnica fluida
T05,SHOULD,"Valutare lunghezza di riga e a capo sui testi reali; gli intervalli per la prosa sono riferimenti, non soglie di conformità.",Prosa continua desktop,"Codice, tabelle, poesia, lingue e schermi richiedono altri criteri",Misura righe reali e lettura; overflow e a capo,S,Magias heuristic/option,TYPOGRAPHY.md,"45–75 caratteri come riferimento per prosa, non lint bloccante"
T06,MUST,Rendere leggibili le informazioni essenziali e riconoscibili i link anche senza il solo colore; rispettare le eccezioni normative per immagini di testo. Maiuscolo e tracking non sono vietati in sé.,Informazioni essenziali e link,Maiuscolo e tracking ammessi se leggibili; immagini di testo con eccezioni WCAG,"Contrasto, identificazione link, zoom e comprensione",S,Magias policy,TYPOGRAPHY.md,Separare vincoli di accesso da preferenze su maiuscolo
T07,SHOULD,Usare enfasi selettiva e supporto esplicativo dove il compito lo richiede; voce poetica/editoriale ammessa.,Enfasi e aperture commerciali,"Poesia, editoriale, campagne e interfacce operative",Review del testo e comprensione per lo scopo,H,Magias heuristic/option,TYPOGRAPHY.md,Spiegazione dell’offerta solo quando l’offerta è il compito
M01,SHOULD,"Motivare il movimento per feedback, spiegazione, orientamento, racconto o identità, anche a livello di famiglia di effetti.","Movimento funzionale, esplicativo, narrativo e identitario",Nessun obbligo di animare; espressione ammessa con controlli e accesso preservati,"Obiettivo e contesto, costo/beneficio osservabile e variante ridotta",H,Magias heuristic/option,MOTION.md,"Ammettere identità, racconto, simulazione e spiegazione; non richiedere uplift a ogni effetto"
M02,SHOULD,"Scegliere transizioni proporzionate al contesto, interrompibili e senza ritardi cosmetici dell’azione; nessun default fermo universale.",Transizioni e feedback secondo contesto,Durate libere se non bloccano accesso/azione; feedback immediato indipendente dalla fine della transizione,"Interruzione, ripetizione, risposta immediata e nessuna dipendenza da fine animazione",S,Magias heuristic/option,MOTION.md,Rimuovere default fermi universale; durate iniziali soltanto esempi
M03,MUST,Preservare controllo dell’interazione e accesso al compito; pinning e scroll-linked ammessi senza percorso coercitivo. Definire degrado appropriato se script/animazione falliscono.,Contenuti e interazioni essenziali,"Scroll-linked e pinning ammessi se mantengono controllo, accesso diretto e percorso equivalente; app JS con degrado dichiarato","Scroll veloce/inverso, ancore, focus e fail script; nessuna lettura/azione coercitiva",S,Magias policy,MOTION.md,Distinguere scroll hijacking coercitivo da narrazione collegata allo scroll
M04,MUST,"Rispettare la preferenza di movimento ridotto mediante riduzione, sostituzione o rimozione appropriata, conservando contenuti, stati e funzioni.",Preferenze movimento,"Ridurre, sostituire o rimuovere secondo effetto; movimento essenziale con alternativa appropriata","Verificare preferenza: testi, funzioni e stati equivalenti, animazioni ridotte e nessuna scomparsa",S,Magias policy,MOTION.md,Variante equivalente con attenuazione/sostituzione; non azzeramento stilistico automatico
M05,SHOULD,Valutare interferenza fra movimenti durante il compito; effetti coordinati multipli ammessi senza tetto numerico universale.,Competizione fra movimenti durante un compito,Più effetti coordinati ammessi; niente tetto numerico universale,"Leggibilità durante movimento, controllabilità loop/media e stabilità del task",S,Magias heuristic/option,MOTION.md,Eliminare quota massimo uno; valutare interferenza effettiva
M06,MUST,Offrire accesso alle informazioni e azioni essenziali con input pertinenti; hover è arricchimento e non accesso esclusivo.,Parità fra input,Interazioni possono differire; stesse possibilità essenziali,"Hover/focus/touch; contenuti dismissible, hoverable e persistent se pertinenti",S,Magias policy,MOTION.md,"Parità di accesso e azioni, non comportamento identico"
M07,SHOULD,Misurare costo e regressioni della variante animata negli ambienti del progetto; scegliere primitive o librerie secondo necessità e riuso.,Prestazioni e dipendenze,Librerie esistenti o necessarie; budget del progetto,Baseline ripetibile rete/dispositivo e regressioni di caricamento/interazione,S,Magias heuristic/option,MOTION.md,Primitive/librerie secondo necessità; misurare prestazioni della variante animata e costo dei canvas
C01,MUST,Definire un obiettivo utente per ogni pagina coinvolta; obiettivo commerciale solo se pertinente e compatibile con scelta informata.,Scopo della pagina,"Obiettivo commerciale non applicabile a editoriale, pubblico, legale e utilitario",Documentare obiettivo utente; business solo se pertinente e compatibile,H,Magias policy,CRO.md,Eliminare obiettivo commerciale obbligatorio universale
C02,MUST,"Nelle pagine d’offerta chiarire offerta, destinatario e passo pertinente nel primo blocco utile; altre pagine chiariscono il proprio scopo senza CTA commerciale obbligatoria.",Pagine di offerta e ingresso commerciale,"Articoli, dati, errori e compiti utilitari chiariscono il proprio scopo",Persona identifica scopo/offerta e passo pertinente,H,Magias policy,CRO.md,Primo blocco utile non test temporale universale
C03,SHOULD,Dare priorità alle azioni dove il compito lo richiede; mantenere neutrali scelte equivalenti e non favorire consenso mediante gerarchie ingannevoli.,Gruppo decisionale,"Confronto fra azioni equivalenti, scelta neutrale e strumenti",Comprensione etichette e completamento; primaria solo se serve,H,Magias heuristic/option,CRO.md,Non gerarchizzare accetta/rifiuta per forzare conversione
C04,MUST,"Rendere disponibili prima della decisione costi, vincoli e condizioni materiali; disclosure ammessa per dettagli opzionali e spiegazioni complete con riepilogo adeguato.",Decisioni con costi o vincoli,Dettagli opzionali su richiesta; riepilogo completo dei fattori decisivi,Percorso fino alla decisione con informazioni disponibili prima,H,Magias policy,CRO.md,Definire momento della decisione e informazioni materiali
C05,MUST,"Usare prove autentiche e affermazioni supportate; registrare fonti, data e permessi. Fiction/demo/placeholder espliciti non sono prove di risultati reali.","Claim, prove e asset pubblici","Fiction/demo/sintesi chiaramente etichettate, mai prove di risultati reali",Registro claim→fonte→data→permessi e review editoriale,S,Magias policy,CRO.md,Verificabilità dei dati non prova automatica di autenticità
C06,SHOULD,"Collocare prove pertinenti vicino alle promesse, indicando ruolo e limiti; se mancanti non inventarle per completare il layout.",Promessa e prova commerciale,Portfolio nuovo senza casi; niente prova fittizia per completare layout,"Pertinenza, prossimità e limiti della prova",H,Magias heuristic/option,CRO.md,La prova può essere assente con limite dichiarato
C07,SHOULD,"Adottare copy comprensibile e concreto per il pubblico; persona grammaticale, tono e lessico sono vincoli del progetto, non universali.",Chiarezza del copy generale,"Voce narrativa, impersonale o plurale se coerente con progetto",Review editoriale e comprensione; vincoli di voce nel contesto,H,Magias heuristic/option,CRO.md,Prima persona singolare e lessico vietato solo nel pilota
C08,MUST,"Mantenere label, obbligatorietà, errori e dati dopo fallimento; evitare invii doppi e fornire recupero. Confermare solo lo stato effettivamente garantito dal sistema.",Form e invii,Form non presenti non applicabili; timeout ambiguo gestito senza duplicati,"Label, validazione, errori, conservazione, idempotenza e conferma reale",S,Magias policy,CRO.md,"Distinguere accettato, inviato, ricevuto secondo contratto reale"
C09,SHOULD,Chiedere dati necessari alla finalità; motivare i campi e separare eventuali preferenze/consensi pertinenti. Nessuno schema campi universale.,Campi e primo contatto,"Preventivi, qualificazione e processi diversi con necessità esplicita",Mappa campo→finalità e test completamento; consenso separato se presente,S,Magias heuristic/option,CRO.md,Minimizzazione motivata; telefono e budget non schema universale
C10,MUST,"Distinguere ipotesi e risultati; per ogni metrica definire evento, unità, denominatore, periodo, fonte, deduplica ed esclusioni. Dichiarare limiti di attribuzione e tracking; analytics non obbligatori.",Affermazioni e misure CRO,"Analytics assenti o vietati: non applicabili gli eventi, obbligatoria onestà sui limiti","Evento, denominatore, periodo, fonte, unità, esclusioni e attribuzione",S,Magias policy,CRO.md,"Aggiungere deduplica, bot/spam e bias sessioni misurabili"
C11,SHOULD,Valutare comprensione/completamento e pianificare gli esperimenti con metriche e guardrail; non inferire uplift statistico da ricerca qualitativa o traffico insufficiente.,Esperimenti e valutazioni,Traffico basso: ricerca qualitativa; A/B non obbligatorio,"Ipotesi, piano analisi, metrica e guardrail; nessun uplift inferito da pochi utenti",H,Magias heuristic/option,CRO.md,Definire arresto e limiti; nessuna soglia campione universale
A01,MUST,"Adottare WCAG 2.2 AA come obiettivo tecnico di progetto; compilare applicabilità ed evidenze per tutti i criteri A/AA, pagine e processi pertinenti. La checklist non certifica conformità.",Pagine e processi dichiarati nello scope,Non applicabilità per singolo criterio motivata; scope limitato non conformità intero sito,Mappa completa criteri WCAG A/AA→applicabilità→evidenza,S,Magias policy,ACCESSIBILITY.md,Checklist prioritaria insufficiente per chiudere obiettivo AA
A02,MUST,"Verificare contrasto: testo normale 4.5:1, grande 3:1 e parti non testuali 3:1 ove richiesto, con eccezioni e definizioni dei criteri originali.",Contrasto testo e componenti pertinenti,Eccezioni esatte dei criteri 1.4.3/1.4.11,"Calcolo su stati reali; review immagini, trasparenze e gradienti",S,Magias policy,ACCESSIBILITY.md,Separare testo normale/grande e parti non testuali
A03,MUST,"Garantire operabilità tastiera, focus visibile e non completamente coperto, senza trappole; applicare le eccezioni normative esatte.",Tastiera e focus,"Eccezione tastiera per funzione dipendente dal percorso del movimento, dove normativa","Percorso completo, trappole, focus visibile e copertura",S,Magias policy,ACCESSIBILITY.md,Automazione supporta ma non prova ordine/logica
A04,MUST,"Verificare separatamente resize testo al 200% e reflow a 320 CSS px, con casi di zoom pertinenti ed eccezioni normative.",Reflow e resize testo,Eccezioni WCAG per contenuti bidimensionali e casi previsti,"320 CSS px, zoom e testo 200%; test reflow anche a 400% pertinente",S,Magias policy,ACCESSIBILITY.md,Separare 1.4.10 e 1.4.4; non confondere riduzione viewport e zoom
A05,MUST,Verificare target pointer 24×24 CSS px o spaziatura/eccezioni ammesse; preferire 44×44 per touch come raccomandazione distinta.,Target pointer,"Eccezioni equivalenza, inline, user agent, essenziale e spaziatura WCAG",Geometria reale inclusa spaziatura; prova touch,S,Magias policy,ACCESSIBILITY.md,Separare 44×44 SHOULD dalla soglia 24×24 con eccezioni
A06,MUST,"Garantire semantica, lingua, ordine significativo e bypass appropriati; preferire elementi nativi, ammettendo custom con contratto accessibile verificato.","Semantica, lingua e bypass",Componenti custom legittimi con contratto accessibile; nativo SHOULD,"DOM/accessibility tree, ruoli, lingua, heading e bypass",S,Magias policy,ACCESSIBILITY.md,"Elemento nativo preferito, risultato accessibile obbligatorio"
A07,MUST,"Fornire nomi comprensibili, label-in-name ove richiesto, ruoli e stati accessibili; evitare ARIA impropria e provare aggiornamenti reali.",Nomi e stati,Stati non pertinenti esclusi,Name/role/value e annunci nei cambiamenti reali,S,Magias policy,ACCESSIBILITY.md,Aggiungere label-in-name e istruzioni comprensibili
A08,MUST,"Gestire apertura, chiusura e focus secondo il pattern coinvolto; non imporre a un menu disclosure il contratto di un dialog modale.",Dialog e menu coinvolti,Menu non modale non richiede focus trap; pattern diversi,"Apertura, Escape quando pertinente, tabulazione e ritorno",S,Magias policy,ACCESSIBILITY.md,Specificare tipo di componente prima delle aspettative
A09,MUST,Fornire alternative pertinenti a immagini/media secondo scopo e criteri; decorative ignorabili. Presenza dell’alt non prova adeguatezza.,Immagini e media pertinenti,Eccezioni e alternative secondo criterio e scopo,"Alt, didascalie, trascrizioni/audio-description/caption pertinenti",S,Magias policy,ACCESSIBILITY.md,Presenza alt automatizzabile; adeguatezza umana
A10,MUST,Non affidare significato soltanto a colore o caratteristiche sensoriali; errori e stati dinamici restano comprensibili e percepibili senza animazione.,"Significato, errori e stati dinamici",Sensazioni decorative senza significato esclusivamente funzionale,Review senza colore/movimento e annunci degli stati,S,Magias policy,ACCESSIBILITY.md,"Separare 1.3.3, 1.4.1 e status 4.1.3"
A11,MUST,"Provare flussi coinvolti con tastiera e screen reader in ambienti scelti per pubblico e scope; annotare versioni e limiti, senza generalizzare a tutti gli stack.",Verifica assistiva dei flussi di implementazione,Design senza eseguibile resta NON VERIFICATO; stack scelto dal pubblico,Tastiera più screen reader con ambiente/versione e percorso,H,Magias policy,ACCESSIBILITY.md,Un solo stack non prova compatibilità universale
A12,MUST,"Verificare text spacing personalizzato senza perdite secondo 1.4.12; zoom è A04 e movimento ridotto è M04, con evidenze distinte.",Text spacing e movimento previsto,Movimento ridotto policy Magias; valori spacing normative con eccezioni pertinenti,"1.4.12: 1.5 line-height, 2× font paragrafi, .12em lettere, .16em parole; no perdite",S,Magias policy,ACCESSIBILITY.md,Dividere controllo motion da text spacing e zoom
N01,SHOULD,Valutare pattern ad alta salienza rispetto al compito; motivare famiglie/decisioni significative senza fascicoli per ogni icona standard.,Pattern ad alta salienza,Pattern standard ripetuti motivabili a livello sistema,Review motivazione e impatto; lint segnala solo candidato,H,Magias heuristic/option,ANTI-PATTERNS.md,Nessun fascicolo per ogni icona; formalizzare salienza se serve
N02,MUST,"Evitare urgenza falsa, condizioni occultate, scelte ingannevoli e ostacoli al rifiuto; un default non è automaticamente inganno.",Scelte commerciali e consenso,Nessuna eccezione per falsità o inganno; preselezione lecita valutata nel contesto,"Percorso, parità opzioni, condizioni e provenienza urgenza",H,Magias policy,ANTI-PATTERNS.md,Non assimilare ogni default a inganno
N03,SHOULD,"Prima di aggiungere una sezione esplicitare funzione informativa, orientativa, narrativa, emotiva o ludica e costo di attenzione.",Nuove sezioni,"Funzione narrativa, emotiva, ludica o orientativa esplicita",Bisogno/funzione e costo della nuova sezione,H,Magias heuristic/option,ANTI-PATTERNS.md,Ampliare oltre dubbio razionale
R01,MUST,"Registrare stato e applicabilità di ogni controllo; usare gate distinti per specifica, audit, implementazione e release. MUST pertinente aperto impedisce il gate che ne richiede evidenza.",Esiti e gate dello scope,Design consegnabile con prove runtime aperte; release non consentita se MUST pertinente aperto,"Schema stati, applicabilità, evidenze e versione",D,Magias policy,REVIEW.md,"Separare gate documento, progetto, implementazione e rilascio"
R02,MUST,"Localizzare i rilievi con regola, effetto, gravità, evidenza e azione; forza normativa e gravità sono campi separati, senza voto compensativo.",Rilievi,Osservazione non dimostrata è ipotesi; suggerimento senza FAIL,"Regola, posizione, effetto, evidenza e azione concreta",D,Magias policy,REVIEW.md,Distinguere forza normativa da gravità del difetto
R03,MUST,"Distinguere osservazione, asserzione automatizzata e giudizio; PASS richiede prova eseguita sulla revisione/ambiente dichiarati. Nessuna evidenza inventata.",Tutte le verifiche,Nessuna evidenza inventata; limiti sempre espliciti,"Tipo di prova, ambiente, limite e validità del risultato",D,Magias policy,REVIEW.md,PASS richiede esecuzione; assenza warning non conformità completa
MX01,SHOULD,"Definire intento del movimento: feedback, spiegazione, identità, narrazione o orientamento",Movimento nella fase del compito,Nessun effetto obbligatorio; motivazione di gruppo per effetti coerenti,Collegare effetto a contenuto/compito senza pretendere uplift,H,Magias heuristic/option,MOTION.md,Nuovo contratto motion dalla precisazione utente e dalla review live
MX02,MUST,Preservare informazione materiale e azioni durante transizioni,Movimento nella fase del compito,Suspense narrativa ammessa su contenuti non decisivi,Scroll/focus prima-durante-dopo; fallback e informazioni al momento utile,S,Magias policy,MOTION.md,Nuovo contratto motion dalla precisazione utente e dalla review live
MX03,MUST,"Conservare controllo della persona, input e interruzione",Movimento nella fase del compito,Movimento essenziale al compito con controlli/alternativa appropriati,"Scroll inverso/rapido, Escape, navigazione, input ripetuti e ritorno",S,Magias policy,MOTION.md,Nuovo contratto motion dalla precisazione utente e dalla review live
MX04,MUST,Rispettare preferenza ridotta con riduzione/sostituzione/rimozione appropriata,Movimento nella fase del compito,Nessuna perdita di funzioni; movimento essenziale gestito esplicitamente,"Variante ridotta vs standard: parità dei contenuti, risultati e azioni",S,Magias policy,MOTION.md,Nuovo contratto motion dalla precisazione utente e dalla review live
MX05,MUST,Valori transazionali e stati finali autorevoli indipendenti dall’interpolazione,Movimento nella fase del compito,Conteggi dimostrativi ammessi se chiaramente illustrativi,Ultimo input→dato finale; payload corretto; annunci senza cifre fittizie,S,Magias policy,MOTION.md,Nuovo contratto motion dalla precisazione utente e dalla review live
MX06,MUST,Evitare bersagli mobili o focus perso durante un’azione,Movimento nella fase del compito,Movimento controllato del componente se non compromette input/accesso,"Tastiera/touch/pointer; resize, apertura overlay e aggiornamenti",S,Magias policy,MOTION.md,Nuovo contratto motion dalla precisazione utente e dalla review live
MX07,SHOULD,Valutare competizione dei movimenti sul compito,Movimento nella fase del compito,Più effetti coordinati possibili; nessun tetto universale,"Review durante lettura/decisione, non solo frame statico",H,Magias heuristic/option,MOTION.md,Nuovo contratto motion dalla precisazione utente e dalla review live
MX08,SHOULD,Verificare costo della variante animata e sospendere lavoro invisibile non utile,Movimento nella fase del compito,Media/processi che devono continuare per lo scopo,"Stesso ambiente: scrolling/input, background/offscreen e regressioni",S,Magias heuristic/option,MOTION.md,Nuovo contratto motion dalla precisazione utente e dalla review live
MX09,MUST,Offrire controlli pausa/stop e alternative dove i criteri pertinenti li richiedono,Movimento nella fase del compito,"Eccezioni normative specifiche, non generico beneficio estetico","Durata/autoplay, pausa, ripresa, contenuto equivalente e focus",S,Magias policy,MOTION.md,Nuovo contratto motion dalla precisazione utente e dalla review live
MX10,MAY,"Usare scroll-linked, pinning, parallax, canvas, carousel o transizioni espressive",Movimento nella fase del compito,Tutti i MUST indipendenti rispettati; contesto può limitarli,MX02–MX09 e task test; presenza dell’effetto mai FAIL automatico,H,Magias heuristic/option,MOTION.md,Nuovo contratto motion dalla precisazione utente e dalla review live
T02.a,MUST,Usare font con licenza compatibile con impiego e distribuzione reali.,Font incorporati/distribuiti,"Licenza compatibile o permesso valido, non preferenza estetica","Documento licenza, fonte, uso e modalità di distribuzione",H,Magias policy,TYPOGRAPHY.md,Scorporo senza perdita della protezione originaria
M02.a,MUST,Non ritardare azioni e feedback essenziali per completare una transizione cosmetica.,Interazioni e invii,Tempi necessari al compito ammessi con stato autentico,Azione/interruzione/input ripetuti prima-durante-dopo,S,Magias policy,MOTION.md,Scorporo senza perdita della protezione originaria
C09.a,MUST,Separare eventuale consenso marketing dalle altre finalità; non preselezionarlo né accettarlo implicitamente tramite altra azione.,Form con marketing/consensi pertinenti,NON APPLICABILE se tale finalità non è presente,Controllo opzioni e stato reale in ambiente di prova,S,Magias policy,CRO.md,Scorporo senza perdita della protezione originaria
C10.a,MUST,"Non includere nomi, email o testo dei messaggi nei payload analitici; rispettare preferenze di tracking e minimizzazione previste dal progetto.",Analytics implementati,NON APPLICABILE se analytics assenti; nessuna attribuzione inventata,Ispezione payload con dati fittizi e verifica preferenze,S,Magias policy,CRO.md,Scorporo senza perdita della protezione originaria
