criterio,livello,fonte_normativa,scope_revisione,applicabilita,motivo_eccezione,asserzione_da_verificare,metodo,ambiente_versione,stato,evidenza_data,limite_prossima_azione
1.1.1,A,https://www.w3.org/TR/WCAG22/,,DA VALUTARE,,,,,NON VERIFICATO,,"Leggere criterio originale, definire scope e prova"
1.2.1,A,https://www.w3.org/TR/WCAG22/,,DA VALUTARE,,,,,NON VERIFICATO,,"Leggere criterio originale, definire scope e prova"
1.2.2,A,https://www.w3.org/TR/WCAG22/,,DA VALUTARE,,,,,NON VERIFICATO,,"Leggere criterio originale, definire scope e prova"
1.2.3,A,https://www.w3.org/TR/WCAG22/,,DA VALUTARE,,,,,NON VERIFICATO,,"Leggere criterio originale, definire scope e prova"
1.2.4,AA,https://www.w3.org/TR/WCAG22/,,DA VALUTARE,,,,,NON VERIFICATO,,"Leggere criterio originale, definire scope e prova"
1.2.5,AA,https://www.w3.org/TR/WCAG22/,,DA VALUTARE,,,,,NON VERIFICATO,,"Leggere criterio originale, definire scope e prova"
1.3.1,A,https://www.w3.org/TR/WCAG22/,,DA VALUTARE,,,,,NON VERIFICATO,,"Leggere criterio originale, definire scope e prova"
1.3.2,A,https://www.w3.org/TR/WCAG22/,,DA VALUTARE,,,,,NON VERIFICATO,,"Leggere criterio originale, definire scope e prova"
1.3.3,A,https://www.w3.org/TR/WCAG22/,,DA VALUTARE,,,,,NON VERIFICATO,,"Leggere criterio originale, definire scope e prova"
1.3.4,AA,https://www.w3.org/TR/WCAG22/,,DA VALUTARE,,,,,NON VERIFICATO,,"Leggere criterio originale, definire scope e prova"
1.3.5,AA,https://www.w3.org/TR/WCAG22/,,DA VALUTARE,,,,,NON VERIFICATO,,"Leggere criterio originale, definire scope e prova"
1.4.1,A,https://www.w3.org/TR/WCAG22/,,DA VALUTARE,,,,,NON VERIFICATO,,"Leggere criterio originale, definire scope e prova"
1.4.2,A,https://www.w3.org/TR/WCAG22/,,DA VALUTARE,,,,,NON VERIFICATO,,"Leggere criterio originale, definire scope e prova"
1.4.3,AA,https://www.w3.org/TR/WCAG22/,,DA VALUTARE,,,,,NON VERIFICATO,,"Leggere criterio originale, definire scope e prova"
1.4.4,AA,https://www.w3.org/TR/WCAG22/,,DA VALUTARE,,,,,NON VERIFICATO,,"Leggere criterio originale, definire scope e prova"
1.4.5,AA,https://www.w3.org/TR/WCAG22/,,DA VALUTARE,,,,,NON VERIFICATO,,"Leggere criterio originale, definire scope e prova"
1.4.10,AA,https://www.w3.org/TR/WCAG22/,,DA VALUTARE,,,,,NON VERIFICATO,,"Leggere criterio originale, definire scope e prova"
1.4.11,AA,https://www.w3.org/TR/WCAG22/,,DA VALUTARE,,,,,NON VERIFICATO,,"Leggere criterio originale, definire scope e prova"
1.4.12,AA,https://www.w3.org/TR/WCAG22/,,DA VALUTARE,,,,,NON VERIFICATO,,"Leggere criterio originale, definire scope e prova"
1.4.13,AA,https://www.w3.org/TR/WCAG22/,,DA VALUTARE,,,,,NON VERIFICATO,,"Leggere criterio originale, definire scope e prova"
2.1.1,A,https://www.w3.org/TR/WCAG22/,,DA VALUTARE,,,,,NON VERIFICATO,,"Leggere criterio originale, definire scope e prova"
2.1.2,A,https://www.w3.org/TR/WCAG22/,,DA VALUTARE,,,,,NON VERIFICATO,,"Leggere criterio originale, definire scope e prova"
2.1.4,A,https://www.w3.org/TR/WCAG22/,,DA VALUTARE,,,,,NON VERIFICATO,,"Leggere criterio originale, definire scope e prova"
2.2.1,A,https://www.w3.org/TR/WCAG22/,,DA VALUTARE,,,,,NON VERIFICATO,,"Leggere criterio originale, definire scope e prova"
2.2.2,A,https://www.w3.org/TR/WCAG22/,,DA VALUTARE,,,,,NON VERIFICATO,,"Leggere criterio originale, definire scope e prova"
2.3.1,A,https://www.w3.org/TR/WCAG22/,,DA VALUTARE,,,,,NON VERIFICATO,,"Leggere criterio originale, definire scope e prova"
2.4.1,A,https://www.w3.org/TR/WCAG22/,,DA VALUTARE,,,,,NON VERIFICATO,,"Leggere criterio originale, definire scope e prova"
2.4.2,A,https://www.w3.org/TR/WCAG22/,,DA VALUTARE,,,,,NON VERIFICATO,,"Leggere criterio originale, definire scope e prova"
2.4.3,A,https://www.w3.org/TR/WCAG22/,,DA VALUTARE,,,,,NON VERIFICATO,,"Leggere criterio originale, definire scope e prova"
2.4.4,A,https://www.w3.org/TR/WCAG22/,,DA VALUTARE,,,,,NON VERIFICATO,,"Leggere criterio originale, definire scope e prova"
2.4.5,AA,https://www.w3.org/TR/WCAG22/,,DA VALUTARE,,,,,NON VERIFICATO,,"Leggere criterio originale, definire scope e prova"
2.4.6,AA,https://www.w3.org/TR/WCAG22/,,DA VALUTARE,,,,,NON VERIFICATO,,"Leggere criterio originale, definire scope e prova"
2.4.7,AA,https://www.w3.org/TR/WCAG22/,,DA VALUTARE,,,,,NON VERIFICATO,,"Leggere criterio originale, definire scope e prova"
2.4.11,AA,https://www.w3.org/TR/WCAG22/,,DA VALUTARE,,,,,NON VERIFICATO,,"Leggere criterio originale, definire scope e prova"
2.5.1,A,https://www.w3.org/TR/WCAG22/,,DA VALUTARE,,,,,NON VERIFICATO,,"Leggere criterio originale, definire scope e prova"
2.5.2,A,https://www.w3.org/TR/WCAG22/,,DA VALUTARE,,,,,NON VERIFICATO,,"Leggere criterio originale, definire scope e prova"
2.5.3,A,https://www.w3.org/TR/WCAG22/,,DA VALUTARE,,,,,NON VERIFICATO,,"Leggere criterio originale, definire scope e prova"
2.5.4,A,https://www.w3.org/TR/WCAG22/,,DA VALUTARE,,,,,NON VERIFICATO,,"Leggere criterio originale, definire scope e prova"
2.5.7,AA,https://www.w3.org/TR/WCAG22/,,DA VALUTARE,,,,,NON VERIFICATO,,"Leggere criterio originale, definire scope e prova"
2.5.8,AA,https://www.w3.org/TR/WCAG22/,,DA VALUTARE,,,,,NON VERIFICATO,,"Leggere criterio originale, definire scope e prova"
3.1.1,A,https://www.w3.org/TR/WCAG22/,,DA VALUTARE,,,,,NON VERIFICATO,,"Leggere criterio originale, definire scope e prova"
3.1.2,AA,https://www.w3.org/TR/WCAG22/,,DA VALUTARE,,,,,NON VERIFICATO,,"Leggere criterio originale, definire scope e prova"
3.2.1,A,https://www.w3.org/TR/WCAG22/,,DA VALUTARE,,,,,NON VERIFICATO,,"Leggere criterio originale, definire scope e prova"
3.2.2,A,https://www.w3.org/TR/WCAG22/,,DA VALUTARE,,,,,NON VERIFICATO,,"Leggere criterio originale, definire scope e prova"
3.2.3,AA,https://www.w3.org/TR/WCAG22/,,DA VALUTARE,,,,,NON VERIFICATO,,"Leggere criterio originale, definire scope e prova"
3.2.4,AA,https://www.w3.org/TR/WCAG22/,,DA VALUTARE,,,,,NON VERIFICATO,,"Leggere criterio originale, definire scope e prova"
3.2.6,A,https://www.w3.org/TR/WCAG22/,,DA VALUTARE,,,,,NON VERIFICATO,,"Leggere criterio originale, definire scope e prova"
3.3.1,A,https://www.w3.org/TR/WCAG22/,,DA VALUTARE,,,,,NON VERIFICATO,,"Leggere criterio originale, definire scope e prova"
3.3.2,A,https://www.w3.org/TR/WCAG22/,,DA VALUTARE,,,,,NON VERIFICATO,,"Leggere criterio originale, definire scope e prova"
3.3.3,AA,https://www.w3.org/TR/WCAG22/,,DA VALUTARE,,,,,NON VERIFICATO,,"Leggere criterio originale, definire scope e prova"
3.3.4,AA,https://www.w3.org/TR/WCAG22/,,DA VALUTARE,,,,,NON VERIFICATO,,"Leggere criterio originale, definire scope e prova"
3.3.7,A,https://www.w3.org/TR/WCAG22/,,DA VALUTARE,,,,,NON VERIFICATO,,"Leggere criterio originale, definire scope e prova"
3.3.8,AA,https://www.w3.org/TR/WCAG22/,,DA VALUTARE,,,,,NON VERIFICATO,,"Leggere criterio originale, definire scope e prova"
4.1.2,A,https://www.w3.org/TR/WCAG22/,,DA VALUTARE,,,,,NON VERIFICATO,,"Leggere criterio originale, definire scope e prova"
4.1.3,AA,https://www.w3.org/TR/WCAG22/,,DA VALUTARE,,,,,NON VERIFICATO,,"Leggere criterio originale, definire scope e prova"
